label,param,value,step,f1,logp,acc
warmup_pg=0,warmup_pg,0.0,2000,0.8448151876887674,-44.67819006583663,0.18576649175412294
warmup_pg=0,warmup_pg,0.0,2100,0.861198738170347,-38.991148001267796,0.17515625
warmup_pg=0,warmup_pg,0.0,2200,0.8683457355466514,-36.735408932438204,0.17515625
warmup_pg=0,warmup_pg,0.0,2300,0.8664467077894132,-36.22796460605312,0.19921875
warmup_pg=0,warmup_pg,0.0,2400,0.8706588537944834,-35.52974676708108,0.18265625
warmup_pg=0,warmup_pg,0.0,2500,0.8670867946147236,-34.998715316459574,0.19328125
warmup_pg=0,warmup_pg,0.0,2600,0.8663515255694026,-34.705202978565865,0.1878125
warmup_pg=0,warmup_pg,0.0,2700,0.8699770378874856,-34.27633270602061,0.16875
warmup_pg=0,warmup_pg,0.0,2800,0.8691400632729365,-34.15052407760591,0.1690625
warmup_pg=0,warmup_pg,0.0,2900,0.8691776883266245,-34.003711779473335,0.19328125
warmup_pg=0,warmup_pg,0.0,3000,0.8698029060566825,-33.861531024636506,0.18671875
warmup_pg=0,warmup_pg,0.0,3100,0.8711903392754456,-33.65155561020336,0.19703125
warmup_pg=0,warmup_pg,0.0,3200,0.8715148031043404,-33.61418109877765,0.17921875
warmup_pg=0,warmup_pg,0.0,3300,0.8733122665900603,-33.59127469895955,0.17921875
warmup_pg=0,warmup_pg,0.0,3400,0.8734740772655465,-33.60409272092673,0.17875
warmup_pg=0,warmup_pg,0.0,3500,0.8726489590811198,-33.58512003478498,0.1990625
warmup_pg=0,warmup_pg,0.0,3600,0.8711762171477812,-33.56263014440845,0.18078125
warmup_pg=0,warmup_pg,0.0,3700,0.8715886239586326,-33.57018952983654,0.175
warmup_pg=0,warmup_pg,0.0,3800,0.8718243146260944,-33.47810847018643,0.19140625
warmup_pg=0,warmup_pg,0.0,3900,0.871699196326062,-33.50138945649449,0.18328125
warmup_pg=0,warmup_pg,0.0,4000,0.8718610991533936,-33.37221022183259,0.17765625
warmup_pg=0,warmup_pg,0.0,4100,0.8712132089016511,-33.30902668771847,0.1565625
warmup_pg=0,warmup_pg,0.0,4200,0.8712871287128713,-33.2317855555912,0.16484375
warmup_pg=0,warmup_pg,0.0,4300,0.8714634496625018,-33.238150826707184,0.1809375
warmup_pg=0,warmup_pg,0.0,4400,0.87138956746659,-33.13162586103137,0.19265625
warmup_pg=0,warmup_pg,0.0,4500,0.8704156479217604,-33.120399379942256,0.16671875
warmup_pg=0,warmup_pg,0.0,4600,0.8706896551724138,-33.06585922268294,0.18890625
warmup_pg=0,warmup_pg,0.0,4700,0.8705645740554518,-32.9859289402453,0.19
warmup_pg=0,warmup_pg,0.0,4800,0.8702772590145094,-32.92790829843168,0.1878125
warmup_pg=0,warmup_pg,0.0,4900,0.8701895462377943,-32.88813901715073,0.1784375
warmup_pg=0,warmup_pg,0.0,5000,0.8715886239586326,-32.90402312597259,0.15796875
warmup_pg=0,warmup_pg,0.0,5100,0.870939925265881,-32.80497658815074,0.1659375
warmup_pg=0,warmup_pg,0.0,5200,0.8714039125431531,-32.72514738022149,0.19125
warmup_pg=0,warmup_pg,0.0,5300,0.8716031631919482,-32.73807387048153,0.1809375
warmup_pg=0,warmup_pg,0.0,5400,0.8707404744787922,-32.761807578831814,0.17640625
warmup_pg=0,warmup_pg,0.0,5500,0.8710280373831776,-32.78110382502048,0.19703125
warmup_pg=0,warmup_pg,0.0,5600,0.8717653824036803,-32.75137311134618,0.195625
warmup_pg=0,warmup_pg,0.0,5700,0.8715292763631132,-32.63002867158775,0.1903125
warmup_pg=0,warmup_pg,0.0,5800,0.8719792865362486,-32.56762928781087,0.1759375
warmup_pg=0,warmup_pg,0.0,5900,0.8715292763631132,-32.55343071837627,0.18171875
warmup_pg=0,warmup_pg,0.0,6000,0.871566230404142,-32.507447412135335,0.18828125
warmup_pg=0,warmup_pg,0.0,6100,0.8717653824036803,-32.52311922089896,0.19953125
warmup_pg=0,warmup_pg,0.0,6200,0.8718907260963336,-32.53687942497065,0.1890625
warmup_pg=0,warmup_pg,0.0,6300,0.8716546762589928,-32.54734066909978,0.17484375
warmup_pg=0,warmup_pg,0.0,6400,0.8719055843408176,-32.485688337115036,0.1875
warmup_pg=0,warmup_pg,0.0,6500,0.8725179856115108,-32.501626554057445,0.19234375
warmup_pg=0,warmup_pg,0.0,6600,0.872141521645333,-32.35991074617368,0.18703125
warmup_pg=0,warmup_pg,0.0,6700,0.8717801122463664,-32.25488357300774,0.19234375
warmup_pg=0,warmup_pg,0.0,6800,0.871418286537077,-32.250748720547634,0.21
warmup_pg=0,warmup_pg,0.0,6900,0.8710048949035416,-32.23318383009143,0.1859375
warmup_pg=0,warmup_pg,0.0,7000,0.8712415479787081,-32.23338845439167,0.203125
warmup_pg=0,warmup_pg,0.0,7100,0.8705035971223022,-32.22460383283592,0.17640625
warmup_pg=0,warmup_pg,0.0,7200,0.8708285385500575,-32.201423834123624,0.19203125
warmup_pg=0,warmup_pg,0.0,7300,0.8705408515535098,-32.18807809957028,0.18640625
warmup_pg=0,warmup_pg,0.0,7400,0.8701653486700216,-32.17945221361961,0.19359375
warmup_pg=0,warmup_pg,0.0,7500,0.870615296147211,-32.14661428072516,0.188125
warmup_pg=0,warmup_pg,0.0,7600,0.8706660912098979,-32.126091054894644,0.18
warmup_pg=0,warmup_pg,0.0,7700,0.8712415479787081,-32.10791276417288,0.19046875
warmup_pg=0,warmup_pg,0.0,7800,0.8709909391629512,-32.087296361012385,0.20359375
warmup_pg=0,warmup_pg,0.0,7900,0.8713669064748202,-32.06638258490631,0.2040625
warmup_pg=0,warmup_pg,0.0,8000,0.8714039125431531,-32.07104866439645,0.18078125
warmup_pg=0,warmup_pg,0.0,8100,0.8714778608395629,-32.04848279226394,0.18671875
warmup_pg=0,warmup_pg,0.0,8200,0.8718907260963336,-32.058070791578416,0.198125
warmup_pg=0,warmup_pg,0.0,8300,0.871566230404142,-32.03335840128183,0.19453125
warmup_pg=0,warmup_pg,0.0,8400,0.8718538760247375,-32.04299744993823,0.2021875
warmup_pg=0,warmup_pg,0.0,8500,0.8721782890007189,-32.01362864882282,0.19015625
warmup_pg=0,warmup_pg,0.0,8600,0.8721047331319235,-32.02221410892942,0.2009375
warmup_pg=0,warmup_pg,0.0,8700,0.8729154686601495,-32.010275030244266,0.18546875
warmup_pg=0,warmup_pg,0.0,8800,0.872554660529344,-31.964772687762785,0.1821875
warmup_pg=0,warmup_pg,0.0,8900,0.8724658519051043,-31.965840142516175,0.1953125
warmup_pg=0,warmup_pg,0.0,9000,0.8727899956877965,-31.96836758789935,0.18328125
warmup_pg=0,warmup_pg,0.0,9100,0.872826555539589,-31.971615949284313,0.19890625
warmup_pg=0,warmup_pg,0.0,9200,0.8730774759235302,-31.93503102016476,0.18765625
warmup_pg=0,warmup_pg,0.0,9300,0.8723404255319149,-31.944651272070352,0.184375
warmup_pg=0,warmup_pg,0.0,9400,0.8725391579249893,-31.946995725169806,0.16171875
warmup_pg=0,warmup_pg,0.0,9500,0.8727534148094895,-31.957922985455916,0.17625
warmup_pg=0,warmup_pg,0.0,9600,0.8724291672659283,-31.933301137665854,0.16421875
warmup_pg=0,warmup_pg,0.0,9700,0.8730409777138749,-31.928615383798107,0.17609375
warmup_pg=0,warmup_pg,0.0,9800,0.8734905117883841,-31.862777751125748,0.169375
warmup_pg=0,warmup_pg,0.0,9900,0.8729519977004886,-31.869494873539328,0.15875
warmup_pg=0,warmup_pg,0.0,10000,0.873599540361965,-31.817480440536336,0.19734375
warmup_pg=0,warmup_pg,0.0,10100,0.8734377244648758,-31.81052529193703,0.1740625
warmup_pg=0,warmup_pg,0.0,10200,0.8729885057471264,-31.79795243565461,0.18265625
warmup_pg=0,warmup_pg,0.0,10300,0.8730774759235302,-31.795111301613616,0.18984375
warmup_pg=0,warmup_pg,0.0,10400,0.8729154686601495,-31.77296230448109,0.18453125
warmup_pg=0,warmup_pg,0.0,10500,0.8726279470960322,-31.778492261396057,0.1659375
warmup_pg=0,warmup_pg,0.0,10600,0.8729154686601495,-31.764698931553035,0.18078125
warmup_pg=0,warmup_pg,0.0,10700,0.872826555539589,-31.756951816493576,0.1815625
warmup_pg=0,warmup_pg,0.0,10800,0.8731665228645384,-31.730805867448044,0.17171875
warmup_pg=0,warmup_pg,0.0,10900,0.8732394366197183,-31.7361694605915,0.16640625
warmup_pg=0,warmup_pg,0.0,11000,0.8736161035226456,-31.728689485373515,0.16640625
warmup_pg=0,warmup_pg,0.0,11100,0.8736161035226456,-31.735685454382978,0.17015625
warmup_pg=0,warmup_pg,0.0,11200,0.873364956159264,-31.739229294522467,0.18140625
warmup_pg=0,warmup_pg,0.0,11300,0.8736887483833884,-31.725636137777542,0.19140625
warmup_pg=0,warmup_pg,0.0,11400,0.8738143144581776,-31.65498760375468,0.18578125
warmup_pg=0,warmup_pg,0.0,11500,0.8739036664270309,-31.64453531107096,0.16765625
warmup_pg=0,warmup_pg,0.0,11600,0.8736524363949978,-31.649094219259723,0.189375
warmup_pg=0,warmup_pg,0.0,11700,0.8741379310344828,-31.648056678107924,0.189375
warmup_pg=0,warmup_pg,0.0,11800,0.8740123545467605,-31.650259892700785,0.18875
warmup_pg=0,warmup_pg,0.0,11900,0.8741740879057742,-31.64301259294752,0.18390625
warmup_pg=0,warmup_pg,0.0,12000,0.8743718592964824,-31.64733561929708,0.18046875
warmup_pg=0,warmup_pg,0.0,12100,0.8744974152785755,-31.650721553401386,0.1778125
warmup_pg=0,warmup_pg,0.0,12200,0.8745694603903559,-31.656594624522157,0.1871875
warmup_pg=0,warmup_pg,0.0,12300,0.8746949906703029,-31.621000329312352,0.178125
warmup_pg=0,warmup_pg,0.0,12400,0.8748205569910996,-31.6188273149803,0.16953125
warmup_pg=0,warmup_pg,0.0,12500,0.874407923065882,-31.619877284346195,0.165625
warmup_pg=0,warmup_pg,0.0,12600,0.8742463393626184,-31.624040319042162,0.17640625
warmup_pg=0,warmup_pg,0.0,12700,0.8739954075774972,-31.591437477442994,0.18578125
warmup_pg=0,warmup_pg,0.0,12800,0.8738699956952217,-31.59658227430644,0.2096875
warmup_pg=0,warmup_pg,0.0,12900,0.8739230327398048,-31.574344168412516,0.19609375
warmup_pg=0,warmup_pg,0.0,13000,0.8743357748097085,-31.57533391541669,0.17984375
warmup_pg=0,warmup_pg,0.0,13100,0.8737975592246949,-31.55568681740636,0.19515625
warmup_pg=0,warmup_pg,0.0,13200,0.8742102240091901,-31.55843671284736,0.19203125
warmup_pg=0,warmup_pg,0.0,13300,0.8734740772655465,-31.565033970333275,0.17578125
warmup_pg=0,warmup_pg,0.0,13400,0.8733122665900603,-31.527824112425048,0.191875
warmup_pg=0,warmup_pg,0.0,13500,0.8737613097802671,-31.53492665936991,0.1865625
warmup_pg=0,warmup_pg,0.0,13600,0.8740847092605887,-31.531805639034463,0.19046875
warmup_pg=0,warmup_pg,0.0,13700,0.8740847092605887,-31.42302693367951,0.179375
warmup_pg=0,warmup_pg,0.0,13800,0.8736721217341372,-31.414743800743807,0.16375
warmup_pg=0,warmup_pg,0.0,13900,0.8739954075774972,-31.419271757424447,0.18234375
warmup_pg=0,warmup_pg,0.0,14000,0.8742463393626184,-31.427137099361715,0.1615625
warmup_pg=0,warmup_pg,0.0,14100,0.8741208554614611,-31.418527761440327,0.18734375
warmup_pg=0,warmup_pg,0.0,14200,0.8738337878570404,-31.42184104241497,0.1603125
warmup_pg=0,warmup_pg,0.0,14300,0.8738337878570404,-31.426980323830445,0.17890625
warmup_pg=0,warmup_pg,0.0,14400,0.8733850129198967,-31.433172008488377,0.1709375
warmup_pg=0,warmup_pg,0.0,14500,0.8733850129198967,-31.440005040028982,0.1671875
warmup_pg=0,warmup_pg,0.0,14600,0.8729361091170137,-31.4451187545917,0.19546875
warmup_pg=0,warmup_pg,0.0,14700,0.8730090400344382,-31.43575519797137,0.1784375
warmup_pg=0,warmup_pg,0.0,14800,0.8734213547646383,-31.44246804355779,0.16484375
warmup_pg=0,warmup_pg,0.0,14900,0.8729725850437778,-31.448707077859737,0.15609375
warmup_pg=0,warmup_pg,0.0,15000,0.8721480843736548,-31.452488234820564,0.17734375
warmup_pg=0,warmup_pg,0.0,15100,0.8723984498349361,-31.45693868474549,0.1690625
warmup_pg=0,warmup_pg,0.0,15200,0.8725602755453502,-31.4621177689358,0.1803125
warmup_pg=0,warmup_pg,0.0,15300,0.8723098995695839,-31.468002520095617,0.16546875
warmup_pg=0,warmup_pg,0.0,15400,0.8724716683402668,-31.468469292211516,0.18046875
warmup_pg=0,warmup_pg,0.0,15500,0.8723098995695839,-31.472751092583827,0.19265625
warmup_pg=0,warmup_pg,0.0,15600,0.8724716683402668,-31.473913009668543,0.184375
warmup_pg=0,warmup_pg,0.0,15700,0.8720229555236729,-31.47939272819622,0.2
warmup_pg=0,warmup_pg,0.0,15800,0.8718610991533936,-31.41157248432063,0.16984375
warmup_pg=0,warmup_pg,0.0,15900,0.8721113822305153,-31.41743437653369,0.1825
warmup_pg=10,warmup_pg,10.0,2000,0.8427835051546392,-45.49666025435117,0.18325212393803098
warmup_pg=10,warmup_pg,10.0,2100,0.8598826391870616,-37.60799839064051,0.20453125
warmup_pg=10,warmup_pg,10.0,2200,0.8626775721050366,-36.513076303217375,0.1934375
warmup_pg=10,warmup_pg,10.0,2300,0.8659290127891939,-35.53137000831691,0.19078125
warmup_pg=10,warmup_pg,10.0,2400,0.8675391917158062,-34.866825438850135,0.199375
warmup_pg=10,warmup_pg,10.0,2500,0.8660624370594159,-34.556499973567405,0.19203125
warmup_pg=10,warmup_pg,10.0,2600,0.8659853174031956,-34.18361323541145,0.17765625
warmup_pg=10,warmup_pg,10.0,2700,0.8665226781857451,-33.919976079383176,0.179375
warmup_pg=10,warmup_pg,10.0,2800,0.8674247876781345,-33.89554554884723,0.1703125
warmup_pg=10,warmup_pg,10.0,2900,0.8685648547598505,-33.435006388835234,0.1825
warmup_pg=10,warmup_pg,10.0,3000,0.867902831680322,-33.34819069227424,0.165
warmup_pg=10,warmup_pg,10.0,3100,0.86795166858458,-33.39472117276476,0.20015625
warmup_pg=10,warmup_pg,10.0,3200,0.8684513529073115,-33.35149099724357,0.18859375
warmup_pg=10,warmup_pg,10.0,3300,0.8705139247774907,-33.395646442934506,0.16890625
warmup_pg=10,warmup_pg,10.0,3400,0.8696151636990236,-33.33204793393175,0.1884375
warmup_pg=10,warmup_pg,10.0,3500,0.8698275862068966,-33.265200464517044,0.19828125
warmup_pg=10,warmup_pg,10.0,3600,0.8682393555811277,-33.21575025514885,0.1953125
warmup_pg=10,warmup_pg,10.0,3700,0.8679407960913924,-33.01665313272374,0.17875
warmup_pg=10,warmup_pg,10.0,3800,0.8669256222126313,-33.041070978444935,0.183125
warmup_pg=10,warmup_pg,10.0,3900,0.8669639004746152,-33.02237124125714,0.1834375
warmup_pg=10,warmup_pg,10.0,4000,0.8672515460952107,-33.042322185000884,0.179375
warmup_pg=10,warmup_pg,10.0,4100,0.8678648454349389,-33.04652240608027,0.1590625
warmup_pg=10,warmup_pg,10.0,4200,0.8669540229885058,-33.05675858960144,0.17
warmup_pg=10,warmup_pg,10.0,4300,0.8671167935641431,-33.02852926057011,0.1646875
warmup_pg=10,warmup_pg,10.0,4400,0.8671650373778034,-33.02149508244885,0.18015625
warmup_pg=10,warmup_pg,10.0,4500,0.867078603247593,-32.877723528235805,0.19078125
warmup_pg=10,warmup_pg,10.0,4600,0.8682281937059922,-32.81741683123914,0.17265625
warmup_pg=10,warmup_pg,10.0,4700,0.8675287356321839,-32.731093802739494,0.188125
warmup_pg=10,warmup_pg,10.0,4800,0.8672795173800631,-32.603893498192306,0.20734375
warmup_pg=10,warmup_pg,10.0,4900,0.8669540229885058,-32.59282469450915,0.19578125
warmup_pg=10,warmup_pg,10.0,5000,0.8673660008621928,-32.58042416980119,0.189375
warmup_pg=10,warmup_pg,10.0,5100,0.8676533984767927,-32.57677184032265,0.19234375
warmup_pg=10,warmup_pg,10.0,5200,0.8682281937059922,-32.49128407389015,0.20125
warmup_pg=10,warmup_pg,10.0,5300,0.8672032193158954,-32.475729597233865,0.21453125
warmup_pg=10,warmup_pg,10.0,5400,0.867902831680322,-32.48294920311935,0.19359375
warmup_pg=10,warmup_pg,10.0,5500,0.8682772505033074,-32.49550978105114,0.21046875
warmup_pg=10,warmup_pg,10.0,5600,0.8684513529073115,-32.4404954302296,0.1996875
warmup_pg=10,warmup_pg,10.0,5700,0.8682393555811277,-32.451650049944895,0.185
warmup_pg=10,warmup_pg,10.0,5800,0.8681524083393243,-32.431888740742394,0.17328125
warmup_pg=10,warmup_pg,10.0,5900,0.8676639815880323,-32.41037984081325,0.17
warmup_pg=10,warmup_pg,10.0,6000,0.8688147295742232,-32.37321877457117,0.19265625
warmup_pg=10,warmup_pg,10.0,6100,0.8683151236342725,-32.33766707187513,0.17875
warmup_pg=10,warmup_pg,10.0,6200,0.8688029889351918,-32.33104560043925,0.1840625
warmup_pg=10,warmup_pg,10.0,6300,0.8687275341480949,-32.342889771559776,0.18640625
warmup_pg=10,warmup_pg,10.0,6400,0.8693525179856115,-32.31970828865439,0.18453125
warmup_pg=10,warmup_pg,10.0,6500,0.8693901035673187,-32.323686917505704,0.165625
warmup_pg=10,warmup_pg,10.0,6600,0.8686141890919556,-32.308054313167474,0.1709375
warmup_pg=10,warmup_pg,10.0,6700,0.8691400632729365,-32.30327425062497,0.2040625
warmup_pg=10,warmup_pg,10.0,6800,0.869102416570771,-32.31274162660384,0.173125
warmup_pg=10,warmup_pg,10.0,6900,0.8692650654393786,-32.31775721170148,0.1859375
warmup_pg=10,warmup_pg,10.0,7000,0.869102416570771,-32.32154466209963,0.18578125
warmup_pg=10,warmup_pg,10.0,7100,0.8688901667625072,-32.29783759723227,0.1815625
warmup_pg=10,warmup_pg,10.0,7200,0.8687275341480949,-32.30686053550763,0.166875
warmup_pg=10,warmup_pg,10.0,7300,0.8690150970524803,-32.28219430190979,0.18125
warmup_pg=10,warmup_pg,10.0,7400,0.8689020002878112,-32.28352795153762,0.1825
warmup_pg=10,warmup_pg,10.0,7500,0.8684892086330935,-32.27405252316914,0.18328125
warmup_pg=10,warmup_pg,10.0,7600,0.8687769784172662,-32.267742729486756,0.16859375
warmup_pg=10,warmup_pg,10.0,7700,0.8682884698430977,-32.27992860201291,0.17984375
warmup_pg=10,warmup_pg,10.0,7800,0.8687769784172662,-32.27175525406494,0.1790625
warmup_pg=10,warmup_pg,10.0,7900,0.8682884698430977,-32.269927707287785,0.1746875
warmup_pg=10,warmup_pg,10.0,8000,0.8689893463864095,-32.276649446896606,0.17671875
warmup_pg=10,warmup_pg,10.0,8100,0.8689893463864095,-32.23867132058686,0.1746875
warmup_pg=10,warmup_pg,10.0,8200,0.8690647482014389,-32.24597255796297,0.17015625
warmup_pg=10,warmup_pg,10.0,8300,0.8684021285775924,-32.21354184355501,0.18625
warmup_pg=10,warmup_pg,10.0,8400,0.8688147295742232,-32.21200176308089,0.19015625
warmup_pg=10,warmup_pg,10.0,8500,0.8688147295742232,-32.21537336221358,0.1890625
warmup_pg=10,warmup_pg,10.0,8600,0.8694276675294794,-32.22089455507701,0.1775
warmup_pg=10,warmup_pg,10.0,8700,0.8699654775604143,-32.221762201177654,0.22703125
warmup_pg=10,warmup_pg,10.0,8800,0.8695151776722774,-32.09596763568099,0.19140625
warmup_pg=10,warmup_pg,10.0,8900,0.8703410562670888,-32.10185561826092,0.2
warmup_pg=10,warmup_pg,10.0,9000,0.8698906160046056,-32.111286523505846,0.19703125
warmup_pg=10,warmup_pg,10.0,9100,0.8699280575539569,-32.12275850451315,0.19109375
warmup_pg=10,warmup_pg,10.0,9200,0.8698403566805696,-32.12559445241195,0.19921875
warmup_pg=10,warmup_pg,10.0,9300,0.870253164556962,-32.10562938268164,0.1815625
warmup_pg=10,warmup_pg,10.0,9400,0.8705408515535098,-32.11427315910558,0.17140625
warmup_pg=10,warmup_pg,10.0,9500,0.8701280023011649,-32.08926507379023,0.16765625
warmup_pg=10,warmup_pg,10.0,9600,0.8700028760425654,-32.07785441071683,0.1928125
warmup_pg=10,warmup_pg,10.0,9700,0.8701653486700216,-32.08294301597956,0.19046875
warmup_pg=10,warmup_pg,10.0,9800,0.8695902228612509,-32.08331481140563,0.18703125
warmup_pg=10,warmup_pg,10.0,9900,0.8697901695889624,-32.051750175705514,0.17234375
warmup_pg=10,warmup_pg,10.0,10000,0.869952579393591,-32.05859979146762,0.1865625
warmup_pg=10,warmup_pg,10.0,10100,0.8696651817789912,-32.065481565160226,0.1959375
warmup_pg=10,warmup_pg,10.0,10200,0.8697152717860225,-32.071947739783205,0.19390625
warmup_pg=10,warmup_pg,10.0,10300,0.8699151933304585,-32.072184871646606,0.18703125
warmup_pg=10,warmup_pg,10.0,10400,0.8703277745830937,-32.08110692067481,0.17359375
warmup_pg=10,warmup_pg,10.0,10500,0.870077608508192,-32.08674380499134,0.1878125
warmup_pg=10,warmup_pg,10.0,10600,0.8697901695889624,-32.095974291583005,0.18859375
warmup_pg=10,warmup_pg,10.0,10700,0.870077608508192,-32.09756586326374,0.183125
warmup_pg=10,warmup_pg,10.0,10800,0.8703650474274217,-32.10197240793346,0.1928125
warmup_pg=10,warmup_pg,10.0,10900,0.869989943973567,-32.02632983196,0.17703125
warmup_pg=10,warmup_pg,10.0,11000,0.8704022988505747,-32.019647189606175,0.1809375
warmup_pg=10,warmup_pg,10.0,11100,0.8703650474274217,-32.0200783093901,0.165
warmup_pg=10,warmup_pg,10.0,11200,0.8703277745830937,-32.008513930139024,0.17703125
warmup_pg=10,warmup_pg,10.0,11300,0.8702026735661923,-32.01062929652926,0.17984375
warmup_pg=10,warmup_pg,10.0,11400,0.8703650474274217,-31.996977926945878,0.17359375
warmup_pg=10,warmup_pg,10.0,11500,0.8705273746227906,-31.939732592230175,0.173125
warmup_pg=10,warmup_pg,10.0,11600,0.8699151933304585,-31.94474926541762,0.17125
warmup_pg=10,warmup_pg,10.0,11700,0.8702904802991084,-31.92586806160341,0.175625
warmup_pg=10,warmup_pg,10.0,11800,0.8703277745830937,-31.927998976678253,0.175
warmup_pg=10,warmup_pg,10.0,11900,0.8705780845556514,-31.92136218886822,0.18734375
warmup_pg=10,warmup_pg,10.0,12000,0.8703650474274217,-31.92393484859432,0.1740625
warmup_pg=10,warmup_pg,10.0,12100,0.8700402530189765,-31.8454561177735,0.17609375
warmup_pg=10,warmup_pg,10.0,12200,0.8700402530189765,-31.850581737090426,0.16828125
warmup_pg=10,warmup_pg,10.0,12300,0.8707268026429187,-31.807565456922426,0.16546875
warmup_pg=10,warmup_pg,10.0,12400,0.8710140764148233,-31.80779982590395,0.19078125
warmup_pg=10,warmup_pg,10.0,12500,0.8710511200459506,-31.81373741552118,0.19609375
warmup_pg=10,warmup_pg,10.0,12600,0.8710511200459506,-31.819260983188816,0.19359375
warmup_pg=10,warmup_pg,10.0,12700,0.8707639287765652,-31.814934090573846,0.18796875
warmup_pg=10,warmup_pg,10.0,12800,0.8711762171477812,-31.81212601092611,0.18625
warmup_pg=10,warmup_pg,10.0,12900,0.8706896551724138,-31.80648398306203,0.173125
warmup_pg=10,warmup_pg,10.0,13000,0.8707268026429187,-31.804994811879375,0.17328125
warmup_pg=10,warmup_pg,10.0,13100,0.8708518890963942,-31.805761634613344,0.196875
warmup_pg=10,warmup_pg,10.0,13200,0.8707268026429187,-31.802844772530126,0.17625
warmup_pg=10,warmup_pg,10.0,13300,0.871338311315336,-31.78480130843545,0.166875
warmup_pg=10,warmup_pg,10.0,13400,0.8716255025847214,-31.78963329482738,0.168125
warmup_pg=10,warmup_pg,10.0,13500,0.8716255025847214,-31.788369423680038,0.1828125
warmup_pg=10,warmup_pg,10.0,13600,0.8712501794172528,-31.7943015535244,0.18671875
warmup_pg=10,warmup_pg,10.0,13700,0.8715372470216736,-31.767968253122525,0.2009375
warmup_pg=10,warmup_pg,10.0,13800,0.8710881424059719,-31.761546075123746,0.19703125
warmup_pg=10,warmup_pg,10.0,13900,0.8719494688486936,-31.760478572378616,0.185
warmup_pg=10,warmup_pg,10.0,14000,0.8716623600344531,-31.76393469208524,0.18796875
warmup_pg=10,warmup_pg,10.0,14100,0.8719494688486936,-31.763472605647777,0.1790625
warmup_pg=10,warmup_pg,10.0,14200,0.8713240568067709,-31.762158179380744,0.185
warmup_pg=10,warmup_pg,10.0,14300,0.8719862227324914,-31.685609177021668,0.1828125
warmup_pg=10,warmup_pg,10.0,14400,0.8719494688486936,-31.689266292638347,0.1803125
warmup_pg=10,warmup_pg,10.0,14500,0.8718243146260944,-31.68934766289925,0.18140625
warmup_pg=10,warmup_pg,10.0,14600,0.8718243146260944,-31.68346783164295,0.1775
warmup_pg=10,warmup_pg,10.0,14700,0.8721113822305153,-31.683872150465458,0.18390625
warmup_pg=10,warmup_pg,10.0,14800,0.8721113822305153,-31.685643273381295,0.183125
warmup_pg=10,warmup_pg,10.0,14900,0.8719862227324914,-31.68929999802425,0.18953125
warmup_pg=10,warmup_pg,10.0,15000,0.8721113822305153,-31.684792071226845,0.159375
warmup_pg=10,warmup_pg,10.0,15100,0.8721480843736548,-31.681238933957154,0.20265625
warmup_pg=10,warmup_pg,10.0,15200,0.8721113822305153,-31.63452956840768,0.16671875
warmup_pg=10,warmup_pg,10.0,15300,0.8715741139331324,-31.63474931159953,0.16390625
warmup_pg=10,warmup_pg,10.0,15400,0.8720229555236729,-31.620714003270876,0.17
warmup_pg=10,warmup_pg,10.0,15500,0.8719862227324914,-31.624394820177443,0.17171875
warmup_pg=10,warmup_pg,10.0,15600,0.8718610991533936,-31.627517876320482,0.19984375
warmup_pg=10,warmup_pg,10.0,15700,0.8723098995695839,-31.6185414033939,0.20265625
warmup_pg=10,warmup_pg,10.0,15800,0.8725602755453502,-31.61441518678973,0.19890625
warmup_pg=10,warmup_pg,10.0,15900,0.8725236864771748,-31.580082497504176,0.18328125
warmup_pg=50,warmup_pg,50.0,2000,0.8371428571428572,-47.653951007494534,0.18680503498250875
warmup_pg=50,warmup_pg,50.0,2100,0.861294964028777,-38.987170825130406,0.18015625
warmup_pg=50,warmup_pg,50.0,2200,0.8639769452449567,-36.81485226454291,0.17828125
warmup_pg=50,warmup_pg,50.0,2300,0.8668197474167624,-36.2895138888451,0.18890625
warmup_pg=50,warmup_pg,50.0,2400,0.8661304222924447,-35.759044274556615,0.2046875
warmup_pg=50,warmup_pg,50.0,2500,0.8685567010309279,-35.425945291077646,0.174375
warmup_pg=50,warmup_pg,50.0,2600,0.8689417837682822,-35.17913511654092,0.18875
warmup_pg=50,warmup_pg,50.0,2700,0.8709260588657574,-34.786090046762254,0.171875
warmup_pg=50,warmup_pg,50.0,2800,0.8706859515967349,-34.7724154391091,0.189375
warmup_pg=50,warmup_pg,50.0,2900,0.8708614017486026,-34.4727320576695,0.18703125
warmup_pg=50,warmup_pg,50.0,3000,0.8720963579007743,-33.873731497101936,0.18453125
warmup_pg=50,warmup_pg,50.0,3100,0.8719494688486936,-33.809634925860266,0.1709375
warmup_pg=50,warmup_pg,50.0,3200,0.8715741139331324,-33.70023027947684,0.165
warmup_pg=50,warmup_pg,50.0,3300,0.8720080263723663,-33.53340660088439,0.17203125
warmup_pg=50,warmup_pg,50.0,3400,0.8722946825283073,-33.46646386755536,0.17546875
warmup_pg=50,warmup_pg,50.0,3500,0.872346528973035,-33.373856150577616,0.175625
warmup_pg=50,warmup_pg,50.0,3600,0.872795066685788,-33.1561344913133,0.17078125
warmup_pg=50,warmup_pg,50.0,3700,0.8720596672403901,-32.9970606650694,0.17375
warmup_pg=50,warmup_pg,50.0,3800,0.8714634496625018,-32.97416782584254,0.14984375
warmup_pg=50,warmup_pg,50.0,3900,0.8723251472066638,-32.895117967729824,0.16078125
warmup_pg=50,warmup_pg,50.0,4000,0.8724504452743465,-32.51877004662446,0.18890625
warmup_pg=50,warmup_pg,50.0,4100,0.873599540361965,-32.490447658999805,0.1978125
warmup_pg=50,warmup_pg,50.0,4200,0.8738505747126437,-32.487807118776516,0.18765625
warmup_pg=50,warmup_pg,50.0,4300,0.8734013507687887,-32.509609759377796,0.1765625
warmup_pg=50,warmup_pg,50.0,4400,0.8732394366197183,-32.48351375607191,0.17296875
warmup_pg=50,warmup_pg,50.0,4500,0.8730409777138749,-32.46068163725904,0.1740625
warmup_pg=50,warmup_pg,50.0,4600,0.8723771198620294,-32.46481543482232,0.18
warmup_pg=50,warmup_pg,50.0,4700,0.8725757793420486,-32.41187133326358,0.18453125
warmup_pg=50,warmup_pg,50.0,4800,0.8728473019517795,-32.328999943345345,0.1778125
warmup_pg=50,warmup_pg,50.0,4900,0.8735104091888012,-32.27569763652993,0.18875
warmup_pg=50,warmup_pg,50.0,5000,0.8728996122361051,-32.253717943348185,0.18625
warmup_pg=50,warmup_pg,50.0,5100,0.8725236864771748,-32.20846273144676,0.17078125
warmup_pg=50,warmup_pg,50.0,5200,0.8733850129198967,-32.17432579738648,0.1953125
warmup_pg=50,warmup_pg,50.0,5300,0.8732960252546994,-32.17558107063428,0.19609375
warmup_pg=50,warmup_pg,50.0,5400,0.8736192798737628,-32.17836051530311,0.20671875
warmup_pg=50,warmup_pg,50.0,5500,0.8727064220183486,-32.177644610712484,0.18765625
warmup_pg=50,warmup_pg,50.0,5600,0.8727585712236408,-32.17881556383867,0.2059375
warmup_pg=50,warmup_pg,50.0,5700,0.872795066685788,-32.1719843682376,0.17921875
warmup_pg=50,warmup_pg,50.0,5800,0.8731707317073171,-32.18246653870895,0.203125
warmup_pg=50,warmup_pg,50.0,5900,0.8727585712236408,-32.0903390543137,0.179375
warmup_pg=50,warmup_pg,50.0,6000,0.8726489590811198,-32.09131145993806,0.1953125
warmup_pg=50,warmup_pg,50.0,6100,0.8725968436154949,-32.111302071189954,0.2021875
warmup_pg=50,warmup_pg,50.0,6200,0.8721847654568928,-32.11707330277871,0.18625
warmup_pg=50,warmup_pg,50.0,6300,0.8725968436154949,-32.01585715855079,0.1940625
warmup_pg=50,warmup_pg,50.0,6400,0.8722732491389208,-32.03290062622445,0.174375
warmup_pg=50,warmup_pg,50.0,6500,0.873097904105656,-31.99592890568842,0.19234375
warmup_pg=50,warmup_pg,50.0,6600,0.8724350695939159,-31.981886756061606,0.193125
warmup_pg=50,warmup_pg,50.0,6700,0.8721998851234922,-31.941980749388037,0.18515625
warmup_pg=50,warmup_pg,50.0,6800,0.8730090400344382,-31.940118967523556,0.19421875
warmup_pg=50,warmup_pg,50.0,6900,0.8721264367816092,-31.94697354906468,0.20375
warmup_pg=50,warmup_pg,50.0,7000,0.8722884643011062,-31.948451583267687,0.19640625
warmup_pg=50,warmup_pg,50.0,7100,0.8727377190462511,-31.940159850194362,0.1775
warmup_pg=50,warmup_pg,50.0,7200,0.8723251472066638,-31.945242706472882,0.1603125
warmup_pg=50,warmup_pg,50.0,7300,0.8728473019517795,-31.896874164612406,0.1784375
warmup_pg=50,warmup_pg,50.0,7400,0.8729725850437778,-31.88994440694372,0.17984375
warmup_pg=50,warmup_pg,50.0,7500,0.8721264367816092,-31.898813975295987,0.185625
warmup_pg=50,warmup_pg,50.0,7600,0.8717138342192213,-31.910572669664997,0.17921875
warmup_pg=50,warmup_pg,50.0,7700,0.8722884643011062,-31.713408668999772,0.195625
warmup_pg=50,warmup_pg,50.0,7800,0.8722884643011062,-31.6776651014535,0.18109375
warmup_pg=50,warmup_pg,50.0,7900,0.8725391579249893,-31.672500735838682,0.1846875
warmup_pg=50,warmup_pg,50.0,8000,0.8721782890007189,-31.672857429273098,0.1684375
warmup_pg=50,warmup_pg,50.0,8100,0.8719643626957896,-31.64799032748175,0.1915625
warmup_pg=50,warmup_pg,50.0,8200,0.8725757793420486,-31.635286444669006,0.17796875
warmup_pg=50,warmup_pg,50.0,8300,0.8717653824036803,-31.57245780556987,0.19140625
warmup_pg=50,warmup_pg,50.0,8400,0.8716400747448613,-31.565225848004296,0.1765625
warmup_pg=50,warmup_pg,50.0,8500,0.8716400747448613,-31.536613519929134,0.17671875
warmup_pg=50,warmup_pg,50.0,8600,0.8711021698519902,-31.547526780935506,0.1690625
warmup_pg=50,warmup_pg,50.0,8700,0.8710651142733937,-31.54887189751543,0.1728125
warmup_pg=50,warmup_pg,50.0,8800,0.8707032935423559,-31.561463291677377,0.1909375
warmup_pg=50,warmup_pg,50.0,8900,0.8708656888121944,-31.57303471761095,0.198125
warmup_pg=50,warmup_pg,50.0,9000,0.8712785847835467,-31.55271515191026,0.18359375
warmup_pg=50,warmup_pg,50.0,9100,0.8707404744787922,-31.554946244204647,0.19046875
warmup_pg=50,warmup_pg,50.0,9200,0.8711532930687375,-31.562154704756082,0.19015625
warmup_pg=50,warmup_pg,50.0,9300,0.8715148031043404,-31.5695611905198,0.18796875
warmup_pg=50,warmup_pg,50.0,9400,0.8710651142733937,-31.573691118098743,0.19234375
warmup_pg=50,warmup_pg,50.0,9500,0.8708518890963942,-31.584877022689433,0.2059375
warmup_pg=50,warmup_pg,50.0,9600,0.871426519178279,-31.59617196222881,0.18171875
warmup_pg=50,warmup_pg,50.0,9700,0.8714634496625018,-31.517760931039575,0.17703125
warmup_pg=50,warmup_pg,50.0,9800,0.8716255025847214,-31.51533283045334,0.18203125
warmup_pg=50,warmup_pg,50.0,9900,0.8717875089734386,-31.514646954562796,0.2059375
warmup_pg=50,warmup_pg,50.0,10000,0.8711762171477812,-31.507293698449615,0.1884375
warmup_pg=50,warmup_pg,50.0,10100,0.8713013501867279,-31.51232901185485,0.18609375
warmup_pg=50,warmup_pg,50.0,10200,0.8707639287765652,-31.512241441422653,0.1909375
warmup_pg=50,warmup_pg,50.0,10300,0.8711762171477812,-31.50197249038264,0.18515625
warmup_pg=50,warmup_pg,50.0,10400,0.8711762171477812,-31.500228280393678,0.19078125
warmup_pg=50,warmup_pg,50.0,10500,0.8713013501867279,-31.50700966193449,0.17953125
warmup_pg=50,warmup_pg,50.0,10600,0.871426519178279,-31.514881314561187,0.16828125
warmup_pg=50,warmup_pg,50.0,10700,0.871426519178279,-31.523543709952243,0.1746875
warmup_pg=50,warmup_pg,50.0,10800,0.871426519178279,-31.50403204691141,0.18796875
warmup_pg=50,warmup_pg,50.0,10900,0.871264367816092,-31.500617091950645,0.16109375
warmup_pg=50,warmup_pg,50.0,11000,0.871551724137931,-31.509125682506145,0.16015625
warmup_pg=50,warmup_pg,50.0,11100,0.871551724137931,-31.514660554231845,0.17109375
warmup_pg=50,warmup_pg,50.0,11200,0.8711021698519902,-31.50870001442835,0.1775
warmup_pg=50,warmup_pg,50.0,11300,0.8716769650811899,-31.47996892455377,0.1928125
warmup_pg=50,warmup_pg,50.0,11400,0.8711903392754456,-31.4797369021474,0.18421875
warmup_pg=50,warmup_pg,50.0,11500,0.8710651142733937,-31.47705228071841,0.19890625
warmup_pg=50,warmup_pg,50.0,11600,0.8715148031043404,-31.484302984907703,0.176875
warmup_pg=50,warmup_pg,50.0,11700,0.8715148031043404,-31.47929882131547,0.17921875
warmup_pg=50,warmup_pg,50.0,11800,0.8715148031043404,-31.48489589976277,0.17421875
warmup_pg=50,warmup_pg,50.0,11900,0.8715148031043404,-31.48998434810794,0.19796875
warmup_pg=50,warmup_pg,50.0,12000,0.87180224202357,-31.491316445514656,0.17671875
warmup_pg=50,warmup_pg,50.0,12100,0.8719643626957896,-31.479373456968357,0.17453125
warmup_pg=50,warmup_pg,50.0,12200,0.871927554980595,-31.473676189888835,0.16359375
warmup_pg=50,warmup_pg,50.0,12300,0.8714778608395629,-31.47717392984416,0.145625
warmup_pg=50,warmup_pg,50.0,12400,0.87180224202357,-31.483203795213324,0.1734375
warmup_pg=50,warmup_pg,50.0,12500,0.8718390804597701,-31.48505238423566,0.17515625
warmup_pg=50,warmup_pg,50.0,12600,0.8720529039677976,-31.488809405241327,0.1815625
warmup_pg=50,warmup_pg,50.0,12700,0.8720896809427997,-31.493082650813278,0.1859375
warmup_pg=50,warmup_pg,50.0,12800,0.871927554980595,-31.478456045995063,0.16859375
warmup_pg=50,warmup_pg,50.0,12900,0.8720896809427997,-31.473890276256903,0.19234375
warmup_pg=50,warmup_pg,50.0,13000,0.871927554980595,-31.48183418070445,0.1959375
warmup_pg=50,warmup_pg,50.0,13100,0.8716400747448613,-31.482442300410032,0.16578125
warmup_pg=50,warmup_pg,50.0,13200,0.8716769650811899,-31.48800419948681,0.1796875
warmup_pg=50,warmup_pg,50.0,13300,0.8716769650811899,-31.486027530553372,0.1846875
warmup_pg=50,warmup_pg,50.0,13400,0.8716400747448613,-31.467633436975014,0.1646875
warmup_pg=50,warmup_pg,50.0,13500,0.8718907260963336,-31.444890290395268,0.18296875
warmup_pg=50,warmup_pg,50.0,13600,0.8720896809427997,-31.42877411048437,0.1790625
warmup_pg=50,warmup_pg,50.0,13700,0.8723404255319149,-31.417748212235637,0.1725
warmup_pg=50,warmup_pg,50.0,13800,0.8720529039677976,-31.41852042217905,0.171875
warmup_pg=50,warmup_pg,50.0,13900,0.871927554980595,-31.41788608916841,0.19390625
warmup_pg=50,warmup_pg,50.0,14000,0.8723404255319149,-31.40493767332429,0.17734375
warmup_pg=50,warmup_pg,50.0,14100,0.8722517603103894,-31.360740444773334,0.1834375
warmup_pg=50,warmup_pg,50.0,14200,0.8725391579249893,-31.36538141086251,0.1903125
warmup_pg=50,warmup_pg,50.0,14300,0.8723771198620294,-31.37022656171882,0.1890625
warmup_pg=50,warmup_pg,50.0,14400,0.8722150352163289,-31.377043138646712,0.17703125
warmup_pg=50,warmup_pg,50.0,14500,0.8725025154520627,-31.384379266720828,0.17765625
warmup_pg=50,warmup_pg,50.0,14600,0.8725025154520627,-31.386393502779182,0.1634375
warmup_pg=50,warmup_pg,50.0,14700,0.872664558781259,-31.386924431707754,0.18875
warmup_pg=50,warmup_pg,50.0,14800,0.8725391579249893,-31.372095060339447,0.17375
warmup_pg=50,warmup_pg,50.0,14900,0.8725391579249893,-31.37316882301368,0.17625
warmup_pg=50,warmup_pg,50.0,15000,0.8723771198620294,-31.377368580626452,0.2090625
warmup_pg=50,warmup_pg,50.0,15100,0.8722150352163289,-31.378787171017585,0.1928125
warmup_pg=50,warmup_pg,50.0,15200,0.8723771198620294,-31.383430994408876,0.1625
warmup_pg=50,warmup_pg,50.0,15300,0.8725025154520627,-31.372424280954633,0.17484375
warmup_pg=50,warmup_pg,50.0,15400,0.872664558781259,-31.377813347463373,0.18765625
warmup_pg=50,warmup_pg,50.0,15500,0.8727011494252873,-31.378925912856126,0.20375
warmup_pg=50,warmup_pg,50.0,15600,0.8729885057471264,-31.36320327157032,0.194375
warmup_pg=50,warmup_pg,50.0,15700,0.872664558781259,-31.348445187003364,0.165625
warmup_pg=50,warmup_pg,50.0,15800,0.8727899956877965,-31.334074867621208,0.1740625
warmup_pg=50,warmup_pg,50.0,15900,0.8722517603103894,-31.334391481898802,0.17953125
warmup_pg=100,warmup_pg,100.0,2000,0.8435277382645804,-44.81597949642814,0.18697682408795602
warmup_pg=100,warmup_pg,100.0,2100,0.8625605930995153,-37.85781025881926,0.19046875
warmup_pg=100,warmup_pg,100.0,2200,0.8652745995423341,-36.702469682767386,0.19921875
warmup_pg=100,warmup_pg,100.0,2300,0.8676008006863025,-35.52672931071134,0.2015625
warmup_pg=100,warmup_pg,100.0,2400,0.8710920770877945,-35.11447591953018,0.185
warmup_pg=100,warmup_pg,100.0,2500,0.8700516351118761,-34.733233799452506,0.1859375
warmup_pg=100,warmup_pg,100.0,2600,0.8709585121602289,-34.576318166125354,0.18765625
warmup_pg=100,warmup_pg,100.0,2700,0.8703120526767821,-34.235637622948836,0.17671875
warmup_pg=100,warmup_pg,100.0,2800,0.8709077912794854,-33.96262631798824,0.17453125
warmup_pg=100,warmup_pg,100.0,2900,0.8713182728052616,-33.68481383599853,0.183125
warmup_pg=100,warmup_pg,100.0,3000,0.8712077847738982,-33.41683289019818,0.17796875
warmup_pg=100,warmup_pg,100.0,3100,0.8699885452462772,-33.41453058577666,0.1775
warmup_pg=100,warmup_pg,100.0,3200,0.8704499856692463,-33.40104834633069,0.19359375
warmup_pg=100,warmup_pg,100.0,3300,0.8696774193548387,-33.36634746897531,0.19515625
warmup_pg=100,warmup_pg,100.0,3400,0.8689674924817413,-33.349676795054016,0.18109375
warmup_pg=100,warmup_pg,100.0,3500,0.8688548086570159,-33.31445818447385,0.17359375
warmup_pg=100,warmup_pg,100.0,3600,0.868953638581886,-33.223432284116996,0.19578125
warmup_pg=100,warmup_pg,100.0,3700,0.8692782321710432,-33.237151325514915,0.1978125
warmup_pg=100,warmup_pg,100.0,3800,0.8682926829268293,-33.068577719650065,0.1778125
warmup_pg=100,warmup_pg,100.0,3900,0.868568152501075,-33.09481987946563,0.19484375
warmup_pg=100,warmup_pg,100.0,4000,0.8684927577800086,-33.0661683681414,0.1909375
warmup_pg=100,warmup_pg,100.0,4100,0.8688665710186514,-33.0071741702273,0.18203125
warmup_pg=100,warmup_pg,100.0,4200,0.8684927577800086,-33.004646916964546,0.19
warmup_pg=100,warmup_pg,100.0,4300,0.8687795783737272,-32.99320560343039,0.1925
warmup_pg=100,warmup_pg,100.0,4400,0.8679299454493253,-32.96586079138933,0.19359375
warmup_pg=100,warmup_pg,100.0,4500,0.8685419058553386,-32.835966814643534,0.17609375
warmup_pg=100,warmup_pg,100.0,4600,0.868828932261768,-32.83099807606902,0.1775
warmup_pg=100,warmup_pg,100.0,4700,0.8693279724296381,-32.747305208617774,0.17109375
warmup_pg=100,warmup_pg,100.0,4800,0.8695402298850575,-32.7653766543642,0.17359375
warmup_pg=100,warmup_pg,100.0,4900,0.8685648547598505,-32.71883034453987,0.17546875
warmup_pg=100,warmup_pg,100.0,5000,0.8701019089995694,-32.685128158356164,0.17328125
warmup_pg=100,warmup_pg,100.0,5100,0.8704767375071798,-32.56619875929145,0.18796875
warmup_pg=100,warmup_pg,100.0,5200,0.8705139247774907,-32.5598089345073,0.178125
warmup_pg=100,warmup_pg,100.0,5300,0.8713752512202124,-32.53622973572567,0.1828125
warmup_pg=100,warmup_pg,100.0,5400,0.8713013501867279,-32.51802862381087,0.15984375
warmup_pg=100,warmup_pg,100.0,5500,0.8716255025847214,-32.51442828736341,0.17265625
warmup_pg=100,warmup_pg,100.0,5600,0.8719126938541069,-32.52002302419071,0.18640625
warmup_pg=100,warmup_pg,100.0,5700,0.8720379146919431,-32.47083121954908,0.181875
warmup_pg=100,warmup_pg,100.0,5800,0.871338311315336,-32.3842933885615,0.189375
warmup_pg=100,warmup_pg,100.0,5900,0.8719126938541069,-32.34814059460589,0.18765625
warmup_pg=100,warmup_pg,100.0,6000,0.8721113822305153,-32.29427307635616,0.1915625
warmup_pg=100,warmup_pg,100.0,6100,0.8724350695939159,-32.29039840748898,0.2071875
warmup_pg=100,warmup_pg,100.0,6200,0.8719126938541069,-32.28644493857438,0.183125
warmup_pg=100,warmup_pg,100.0,6300,0.8719126938541069,-32.26764326328902,0.18625
warmup_pg=100,warmup_pg,100.0,6400,0.871551724137931,-32.262462456072726,0.19796875
warmup_pg=100,warmup_pg,100.0,6500,0.8716255025847214,-32.25058537318465,0.181875
warmup_pg=100,warmup_pg,100.0,6600,0.8724504452743465,-32.24424834885486,0.183125
warmup_pg=100,warmup_pg,100.0,6700,0.8720011492601638,-32.249982396594575,0.19140625
warmup_pg=100,warmup_pg,100.0,6800,0.8720011492601638,-32.195723798871754,0.19453125
warmup_pg=100,warmup_pg,100.0,6900,0.8721631715024418,-32.206100692667476,0.18734375
warmup_pg=100,warmup_pg,100.0,7000,0.8711392041373366,-32.17391307032535,0.2028125
warmup_pg=100,warmup_pg,100.0,7100,0.8711392041373366,-32.16357030489066,0.17359375
warmup_pg=100,warmup_pg,100.0,7200,0.8711021698519902,-32.151852732098554,0.146875
warmup_pg=100,warmup_pg,100.0,7300,0.8704901538019261,-32.16793923798897,0.1871875
warmup_pg=100,warmup_pg,100.0,7400,0.871264367816092,-32.1208808604502,0.18203125
warmup_pg=100,warmup_pg,100.0,7500,0.8716400747448613,-32.09897093392427,0.20453125
warmup_pg=100,warmup_pg,100.0,7600,0.8716769650811899,-32.08574772817961,0.17
warmup_pg=100,warmup_pg,100.0,7700,0.8709028177113284,-32.09472690242493,0.2065625
warmup_pg=100,warmup_pg,100.0,7800,0.8709028177113284,-32.05149638363139,0.17484375
warmup_pg=100,warmup_pg,100.0,7900,0.87077763403766,-32.04944334044767,0.16609375
warmup_pg=100,warmup_pg,100.0,8000,0.8708518890963942,-32.056962836231634,0.18984375
warmup_pg=100,warmup_pg,100.0,8100,0.8701895462377943,-31.99911182157621,0.1746875
warmup_pg=100,warmup_pg,100.0,8200,0.8710881424059719,-31.993243856852434,0.17984375
warmup_pg=100,warmup_pg,100.0,8300,0.8708889846330604,-32.00350823806896,0.15265625
warmup_pg=100,warmup_pg,100.0,8400,0.8706017521183398,-31.990112659536003,0.174375
warmup_pg=100,warmup_pg,100.0,8500,0.8706896551724138,-32.00053847378853,0.163125
warmup_pg=100,warmup_pg,100.0,8600,0.8705273746227906,-32.0089004024678,0.17546875
warmup_pg=100,warmup_pg,100.0,8700,0.8703650474274217,-31.990251977037264,0.17
warmup_pg=100,warmup_pg,100.0,8800,0.8703650474274217,-31.996649458435165,0.173125
warmup_pg=100,warmup_pg,100.0,8900,0.8702026735661923,-32.001247794470316,0.171875
warmup_pg=100,warmup_pg,100.0,9000,0.8706524863466514,-32.00417162649577,0.1746875
warmup_pg=100,warmup_pg,100.0,9100,0.8698777857656362,-31.998729680665797,0.17703125
warmup_pg=100,warmup_pg,100.0,9200,0.870253164556962,-31.996907543696366,0.1746875
warmup_pg=100,warmup_pg,100.0,9300,0.8698029060566825,-31.993298826204747,0.175
warmup_pg=100,warmup_pg,100.0,9400,0.8697527314548591,-32.00031255554872,0.19421875
warmup_pg=100,warmup_pg,100.0,9500,0.8703277745830937,-31.98071147078348,0.18140625
warmup_pg=100,warmup_pg,100.0,9600,0.8705273746227906,-31.98546403897239,0.18265625
warmup_pg=100,warmup_pg,100.0,9700,0.8701149425287357,-31.97189645234708,0.18375
warmup_pg=100,warmup_pg,100.0,9800,0.869989943973567,-31.909363942019,0.20078125
warmup_pg=100,warmup_pg,100.0,9900,0.870077608508192,-31.91627711985774,0.18109375
warmup_pg=100,warmup_pg,100.0,10000,0.870077608508192,-31.91772849763537,0.18890625
warmup_pg=100,warmup_pg,100.0,10100,0.8697901695889624,-31.919056866805935,0.17125
warmup_pg=100,warmup_pg,100.0,10200,0.8695027306697327,-31.89471973768546,0.1909375
warmup_pg=100,warmup_pg,100.0,10300,0.8695027306697327,-31.90342852199177,0.1653125
warmup_pg=100,warmup_pg,100.0,10400,0.8691776883266245,-31.895619227262276,0.181875
warmup_pg=100,warmup_pg,100.0,10500,0.8689278528312734,-31.893523281584454,0.1759375
warmup_pg=100,warmup_pg,100.0,10600,0.8691279988507399,-31.89512146842651,0.17828125
warmup_pg=100,warmup_pg,100.0,10700,0.8691776883266245,-31.893755282289952,0.1690625
warmup_pg=100,warmup_pg,100.0,10800,0.8700028760425654,-31.88848313082398,0.17890625
warmup_pg=100,warmup_pg,100.0,10900,0.8697152717860225,-31.895481538632986,0.18734375
warmup_pg=100,warmup_pg,100.0,11000,0.8696277130947248,-31.89496250240245,0.15734375
warmup_pg=100,warmup_pg,100.0,11100,0.8688901667625072,-31.900994233229042,0.17765625
warmup_pg=100,warmup_pg,100.0,11200,0.8688406838097974,-31.866729224302453,0.18
warmup_pg=100,warmup_pg,100.0,11300,0.8686781609195402,-31.85710698249732,0.18859375
warmup_pg=100,warmup_pg,100.0,11400,0.8690407811602527,-31.85016759222062,0.16796875
warmup_pg=100,warmup_pg,100.0,11500,0.8688406838097974,-31.85577017378958,0.17484375
warmup_pg=100,warmup_pg,100.0,11600,0.868553368768855,-31.865151082668564,0.16296875
warmup_pg=100,warmup_pg,100.0,11700,0.8686781609195402,-31.8732595010013,0.16390625
warmup_pg=100,warmup_pg,100.0,11800,0.8686781609195402,-31.878842964881656,0.166875
warmup_pg=100,warmup_pg,100.0,11900,0.8688783570300158,-31.88368191137157,0.16265625
warmup_pg=100,warmup_pg,100.0,12000,0.8688783570300158,-31.883335915817845,0.1815625
warmup_pg=100,warmup_pg,100.0,12100,0.8690407811602527,-31.885253389946204,0.1828125
warmup_pg=100,warmup_pg,100.0,12200,0.8689655172413793,-31.87515541191393,0.17828125
warmup_pg=100,warmup_pg,100.0,12300,0.8693777841643915,-31.87702467481227,0.18078125
warmup_pg=100,warmup_pg,100.0,12400,0.8693026599568655,-31.878021682198362,0.17953125
warmup_pg=100,warmup_pg,100.0,12500,0.8694652098907418,-31.875313641739716,0.17203125
warmup_pg=100,warmup_pg,100.0,12600,0.8690527526232571,-31.859201512892362,0.19671875
warmup_pg=100,warmup_pg,100.0,12700,0.8690527526232571,-31.86428146103223,0.17453125
warmup_pg=100,warmup_pg,100.0,12800,0.8690527526232571,-31.826373445979602,0.188125
warmup_pg=100,warmup_pg,100.0,12900,0.869340232858991,-31.827679275400566,0.17359375
warmup_pg=100,warmup_pg,100.0,13000,0.8690903865497916,-31.830313610715805,0.179375
warmup_pg=100,warmup_pg,100.0,13100,0.8683908045977011,-31.81957538439633,0.1728125
warmup_pg=100,warmup_pg,100.0,13200,0.867902831680322,-31.737965303845066,0.16359375
warmup_pg=100,warmup_pg,100.0,13300,0.8675772825305536,-31.740151603142152,0.163125
warmup_pg=100,warmup_pg,100.0,13400,0.8677400805060379,-31.733367522338476,0.14578125
warmup_pg=100,warmup_pg,100.0,13500,0.8678648454349389,-31.736036762327764,0.16953125
warmup_pg=100,warmup_pg,100.0,13600,0.8677020419902215,-31.732234875251937,0.1815625
warmup_pg=100,warmup_pg,100.0,13700,0.86795166858458,-31.73250160172223,0.18953125
warmup_pg=100,warmup_pg,100.0,13800,0.8680276020701553,-31.73495593454201,0.1809375
warmup_pg=100,warmup_pg,100.0,13900,0.867816091954023,-31.73897975958316,0.19984375
warmup_pg=100,warmup_pg,100.0,14000,0.868103448275862,-31.637575642715042,0.1703125
warmup_pg=100,warmup_pg,100.0,14100,0.868103448275862,-31.59159376126531,0.141875
warmup_pg=100,warmup_pg,100.0,14200,0.8682660537279127,-31.595569475971153,0.18265625
warmup_pg=100,warmup_pg,100.0,14300,0.8680166594858538,-31.600962779623604,0.17953125
warmup_pg=100,warmup_pg,100.0,14400,0.8680166594858538,-31.606064262617696,0.19171875
warmup_pg=100,warmup_pg,100.0,14500,0.8683038920005745,-31.60964298059364,0.1678125
warmup_pg=100,warmup_pg,100.0,14600,0.8686781609195402,-31.60631689977829,0.1746875
warmup_pg=100,warmup_pg,100.0,14700,0.8687158862395863,-31.60789914935259,0.17421875
warmup_pg=100,warmup_pg,100.0,14800,0.8690031600114909,-31.608488336134776,0.17296875
warmup_pg=100,warmup_pg,100.0,14900,0.8690407811602527,-31.598357269143406,0.17375
warmup_pg=100,warmup_pg,100.0,15000,0.8690407811602527,-31.584659389494284,0.1884375
warmup_pg=100,warmup_pg,100.0,15100,0.8689655172413793,-31.584431260972526,0.18171875
warmup_pg=100,warmup_pg,100.0,15200,0.8688406838097974,-31.574421251489657,0.174375
warmup_pg=100,warmup_pg,100.0,15300,0.8694903086862886,-31.578673649479708,0.17421875
warmup_pg=100,warmup_pg,100.0,15400,0.8690783807062877,-31.583900932473554,0.16
warmup_pg=100,warmup_pg,100.0,15500,0.868916008614501,-31.585809354407125,0.19046875
warmup_pg=100,warmup_pg,100.0,15600,0.8693654895205283,-31.5913461965097,0.16890625
warmup_pg=100,warmup_pg,100.0,15700,0.8694528220594572,-31.597752458577347,0.178125
warmup_pg=100,warmup_pg,100.0,15800,0.8692904337833955,-31.598250613352683,0.1678125
warmup_pg=100,warmup_pg,100.0,15900,0.8692904337833955,-31.55247119819676,0.1984375
